airbnbID,date,description,housing_type,lat,location,lon,price,title,url
9539,,,,49.186909,,-122.856798,,,https://www.airbnb.ca/rooms/9539?location=Surrey%2C%20BC
632797,,,,49.199,,-122.852,,,https://www.airbnb.ca/rooms/632797?location=Surrey%2C%20BC
15895895,,,,49.211205,,-122.914857,,,https://www.airbnb.ca/rooms/15895895?location=Surrey%2C%20BC
12710290,,,,49.20758,,-122.916386,,,https://www.airbnb.ca/rooms/12710290?location=Surrey%2C%20BC
21128144,,,,49.185052,,-122.843509,,,https://www.airbnb.ca/rooms/21128144?location=Surrey%2C%20BC
11478225,,,,49.1103,,-122.764661,,,https://www.airbnb.ca/rooms/11478225?location=Surrey%2C%20BC
16755872,,,,49.157807,,-122.795616,,,https://www.airbnb.ca/rooms/16755872?location=Surrey%2C%20BC
17585633,,,,49.191652,,-122.857004,,,https://www.airbnb.ca/rooms/17585633?location=Surrey%2C%20BC
2579319,,,,49.206,,-122.843,,,https://www.airbnb.ca/rooms/2579319?location=Surrey%2C%20BC
18127619,,,,49.111343,,-122.862791,,,https://www.airbnb.ca/rooms/18127619?location=Surrey%2C%20BC
12609662,,,,49.198743,,-122.843138,,,https://www.airbnb.ca/rooms/12609662?location=Surrey%2C%20BC
17642684,,,,49.110979,,-122.817245,,,https://www.airbnb.ca/rooms/17642684?location=Surrey%2C%20BC
21385985,,,,49.204406,,-122.794752,,,https://www.airbnb.ca/rooms/21385985?location=Surrey%2C%20BC
2026837,,,,49.116205,,-122.849926,,,https://www.airbnb.ca/rooms/2026837?location=Surrey%2C%20BC
18025001,,,,49.161742,,-122.696577,,,https://www.airbnb.ca/rooms/18025001?location=Surrey%2C%20BC
14431819,,,,49.246361,,-123.088384,,,https://www.airbnb.ca/rooms/14431819?location=Surrey%2C%20BC
17449440,,,,49.190079,,-122.857194,,,https://www.airbnb.ca/rooms/17449440?location=Surrey%2C%20BC
4728323,,,,49.165,,-122.906,,,https://www.airbnb.ca/rooms/4728323?location=Surrey%2C%20BC
4910629,,,,49.204366,,-122.922845,,,https://www.airbnb.ca/rooms/4910629?location=Surrey%2C%20BC
5793401,,,,49.045304,,-122.877407,,,https://www.airbnb.ca/rooms/5793401?location=Surrey%2C%20BC
98242,,,,49.222931,,-123.077852,,,https://www.airbnb.ca/rooms/98242?location=Surrey%2C%20BC
16847287,,,,49.14632,,-122.773378,,,https://www.airbnb.ca/rooms/16847287?location=Surrey%2C%20BC
23688691,,,,49.16804,,-122.841103,,,https://www.airbnb.ca/rooms/23688691?location=Surrey%2C%20BC
24316265,,,,49.189064,,-122.839071,,,https://www.airbnb.ca/rooms/24316265?location=Surrey%2C%20BC
15917020,,,,49.179775,,-122.855663,,,https://www.airbnb.ca/rooms/15917020?location=Surrey%2C%20BC
8174602,,,,49.022049,,-122.766467,,,https://www.airbnb.ca/rooms/8174602?location=Surrey%2C%20BC
15509491,,,,49.176832,,-122.84702,,,https://www.airbnb.ca/rooms/15509491?location=Surrey%2C%20BC
10248579,,,,49.244804,,-123.0658,,,https://www.airbnb.ca/rooms/10248579?location=Surrey%2C%20BC
17495,,,,48.976986,,-123.029097,,,https://www.airbnb.ca/rooms/17495?location=Surrey%2C%20BC
15069731,,,,49.195497,,-122.814305,,,https://www.airbnb.ca/rooms/15069731?location=Surrey%2C%20BC
16425013,,,,49.209837,,-122.913164,,,https://www.airbnb.ca/rooms/16425013?location=Surrey%2C%20BC
179243,,,,49.25813,,-123.101767,,,https://www.airbnb.ca/rooms/179243?location=Surrey%2C%20BC
125176,,,,49.246482,,-123.092413,,,https://www.airbnb.ca/rooms/125176?location=Surrey%2C%20BC
18375557,,,,49.253331,,-123.088725,,,https://www.airbnb.ca/rooms/18375557?location=Surrey%2C%20BC
2579413,,,,49.207,,-122.843,,,https://www.airbnb.ca/rooms/2579413?location=Surrey%2C%20BC
20572568,,,,49.169248,,-122.917195,,,https://www.airbnb.ca/rooms/20572568?location=Surrey%2C%20BC
11612397,,,,49.167152,,-122.808731,,,https://www.airbnb.ca/rooms/11612397?location=Surrey%2C%20BC
23688740,,,,49.201327,,-122.8069,,,https://www.airbnb.ca/rooms/23688740?location=Surrey%2C%20BC
16179269,,,,49.333518,,-123.064793,,,https://www.airbnb.ca/rooms/16179269?location=Surrey%2C%20BC
4222588,,,,49.201013,,-122.913773,,,https://www.airbnb.ca/rooms/4222588?location=Surrey%2C%20BC
14043399,,,,49.110979,,-122.809273,,,https://www.airbnb.ca/rooms/14043399?location=Surrey%2C%20BC
1200751,,,,49.045552,,-122.876888,,,https://www.airbnb.ca/rooms/1200751?location=Surrey%2C%20BC
18271359,,,,49.154576,,-122.754623,,,https://www.airbnb.ca/rooms/18271359?location=Surrey%2C%20BC
24135381,,,,49.102192,,-122.883041,,,https://www.airbnb.ca/rooms/24135381?location=Surrey%2C%20BC
3829365,,,,49.269961,,-123.068835,,,https://www.airbnb.ca/rooms/3829365?location=Surrey%2C%20BC
5325782,,,,49.225242,,-122.895022,,,https://www.airbnb.ca/rooms/5325782?location=Surrey%2C%20BC
5471844,,,,49.247702,,-123.087024,,,https://www.airbnb.ca/rooms/5471844?location=Surrey%2C%20BC
3563108,,,,49.280385,,-123.07995,,,https://www.airbnb.ca/rooms/3563108?location=Surrey%2C%20BC
15791408,,,,49.212915,,-123.022219,,,https://www.airbnb.ca/rooms/15791408?location=Surrey%2C%20BC
8877654,,,,49.278221,,-123.087582,,,https://www.airbnb.ca/rooms/8877654?location=Surrey%2C%20BC
14918015,,,,49.281499,,-123.126258,,,https://www.airbnb.ca/rooms/14918015?location=Surrey%2C%20BC
1410878,,,,48.97609,,-123.030797,,,https://www.airbnb.ca/rooms/1410878?location=Surrey%2C%20BC
11047972,,,,49.22633,,-122.893421,,,https://www.airbnb.ca/rooms/11047972?location=Surrey%2C%20BC
19813588,,,,49.257949,,-122.984605,,,https://www.airbnb.ca/rooms/19813588?location=Surrey%2C%20BC
21717974,,,,49.206025,,-122.83386,,,https://www.airbnb.ca/rooms/21717974?location=Surrey%2C%20BC
9259030,,,,49.28936,,-123.051863,,,https://www.airbnb.ca/rooms/9259030?location=Surrey%2C%20BC
13383325,,,,49.2198,,-123.10041,,,https://www.airbnb.ca/rooms/13383325?location=Surrey%2C%20BC
18608711,,,,49.245793,,-123.097537,,,https://www.airbnb.ca/rooms/18608711?location=Surrey%2C%20BC
14491652,,,,49.211443,,-122.815613,,,https://www.airbnb.ca/rooms/14491652?location=Surrey%2C%20BC
21661355,,,,49.262762,,-122.955047,,,https://www.airbnb.ca/rooms/21661355?location=Surrey%2C%20BC
8173541,,,,49.193152,,-123.109628,,,https://www.airbnb.ca/rooms/8173541?location=Surrey%2C%20BC
27397,,,,49.173251,,-122.969837,,,https://www.airbnb.ca/rooms/27397?location=Surrey%2C%20BC
13123324,,,,49.251006,,-122.978265,,,https://www.airbnb.ca/rooms/13123324?location=Surrey%2C%20BC
1713443,,,,49.17426,,-123.190566,,,https://www.airbnb.ca/rooms/1713443?location=Surrey%2C%20BC
7258164,,,,49.226953,,-122.889346,,,https://www.airbnb.ca/rooms/7258164?location=Surrey%2C%20BC
172222,,,,49.160592,,-123.162627,,,https://www.airbnb.ca/rooms/172222?location=Surrey%2C%20BC
13940192,,,,49.21545,,-122.979959,,,https://www.airbnb.ca/rooms/13940192?location=Surrey%2C%20BC
4888430,,,,49.261,,-123.082,,,https://www.airbnb.ca/rooms/4888430?location=Surrey%2C%20BC
13126433,,,,49.231068,,-122.954168,,,https://www.airbnb.ca/rooms/13126433?location=Surrey%2C%20BC
8991720,,,,49.280497,,-123.123077,,,https://www.airbnb.ca/rooms/8991720?location=Surrey%2C%20BC
7133912,,,,49.228996,,-122.96315,,,https://www.airbnb.ca/rooms/7133912?location=Surrey%2C%20BC
16691361,,,,49.325445,,-123.056348,,,https://www.airbnb.ca/rooms/16691361?location=Surrey%2C%20BC
14791979,,,,49.279641,,-123.118816,,,https://www.airbnb.ca/rooms/14791979?location=Surrey%2C%20BC
3812348,,,,49.236653,,-123.104547,,,https://www.airbnb.ca/rooms/3812348?location=Surrey%2C%20BC
6437953,,,,49.246607,,-123.016713,,,https://www.airbnb.ca/rooms/6437953?location=Surrey%2C%20BC
5175785,,,,49.152353,,-122.931506,,,https://www.airbnb.ca/rooms/5175785?location=Surrey%2C%20BC
11425045,,,,49.279274,,-123.107908,,,https://www.airbnb.ca/rooms/11425045?location=Surrey%2C%20BC
14917517,,,,49.253588,,-123.061366,,,https://www.airbnb.ca/rooms/14917517?location=Surrey%2C%20BC
1030467,,,,49.244226,,-123.036685,,,https://www.airbnb.ca/rooms/1030467?location=Surrey%2C%20BC
16578149,,,,49.275079,,-123.028677,,,https://www.airbnb.ca/rooms/16578149?location=Surrey%2C%20BC
177631,,,,49.277114,,-123.118479,,,https://www.airbnb.ca/rooms/177631?location=Surrey%2C%20BC
22473148,,,,49.270051,,-122.990045,,,https://www.airbnb.ca/rooms/22473148?location=Surrey%2C%20BC
18619780,,,,49.24821,,-122.810093,,,https://www.airbnb.ca/rooms/18619780?location=Surrey%2C%20BC
12189607,,,,49.230989,,-122.997161,,,https://www.airbnb.ca/rooms/12189607?location=Surrey%2C%20BC
5311594,,,,49.204443,,-122.92344,,,https://www.airbnb.ca/rooms/5311594?location=Surrey%2C%20BC
14757196,,,,49.222449,,-123.085816,,,https://www.airbnb.ca/rooms/14757196?location=Surrey%2C%20BC
13701691,,,,49.241332,,-123.063642,,,https://www.airbnb.ca/rooms/13701691?location=Surrey%2C%20BC
17669173,,,,49.225375,,-122.934899,,,https://www.airbnb.ca/rooms/17669173?location=Surrey%2C%20BC
16570519,,,,49.25091,,-122.977984,,,https://www.airbnb.ca/rooms/16570519?location=Surrey%2C%20BC
19176430,,,,49.1879,,-122.942136,,,https://www.airbnb.ca/rooms/19176430?location=Surrey%2C%20BC
8309343,,,,49.229969,,-122.976481,,,https://www.airbnb.ca/rooms/8309343?location=Surrey%2C%20BC
1015935,,,,49.281414,,-123.090116,,,https://www.airbnb.ca/rooms/1015935?location=Surrey%2C%20BC
7639521,,,,49.283073,,-123.104422,,,https://www.airbnb.ca/rooms/7639521?location=Surrey%2C%20BC
16665746,,,,49.252037,,-122.984583,,,https://www.airbnb.ca/rooms/16665746?location=Surrey%2C%20BC
22014323,,,,49.233218,,-122.842638,,,https://www.airbnb.ca/rooms/22014323?location=Surrey%2C%20BC
14579135,,,,49.181287,,-122.95249,,,https://www.airbnb.ca/rooms/14579135?location=Surrey%2C%20BC
12023084,,,,49.229186,,-122.962944,,,https://www.airbnb.ca/rooms/12023084?location=Surrey%2C%20BC
177957,,,,49.161324,,-123.161493,,,https://www.airbnb.ca/rooms/177957?location=Surrey%2C%20BC
14775158,,,,49.220725,,-123.086926,,,https://www.airbnb.ca/rooms/14775158?location=Surrey%2C%20BC
6529180,,,,49.240306,,-123.03231,,,https://www.airbnb.ca/rooms/6529180?location=Surrey%2C%20BC
14992567,,,,49.279495,,-123.063334,,,https://www.airbnb.ca/rooms/14992567?location=Surrey%2C%20BC
13333672,,,,49.250348,,-122.975988,,,https://www.airbnb.ca/rooms/13333672?location=Surrey%2C%20BC
12744059,,,,49.232431,,-123.001739,,,https://www.airbnb.ca/rooms/12744059?location=Surrey%2C%20BC
17908431,,,,49.210182,,-123.060844,,,https://www.airbnb.ca/rooms/17908431?location=Surrey%2C%20BC
7092753,,,,49.230691,,-122.96474,,,https://www.airbnb.ca/rooms/7092753?location=Surrey%2C%20BC
11213817,,,,49.230725,,-122.929978,,,https://www.airbnb.ca/rooms/11213817?location=Surrey%2C%20BC
8990835,,,,49.277442,,-123.120102,,,https://www.airbnb.ca/rooms/8990835?location=Surrey%2C%20BC
20928092,,,,49.262994,,-122.97201,,,https://www.airbnb.ca/rooms/20928092?location=Surrey%2C%20BC
2592307,,,,49.250269,,-123.117207,,,https://www.airbnb.ca/rooms/2592307?location=Surrey%2C%20BC
16270928,,,,49.21371,,-122.937528,,,https://www.airbnb.ca/rooms/16270928?location=Surrey%2C%20BC
14204145,,,,49.278304,,-123.091404,,,https://www.airbnb.ca/rooms/14204145?location=Surrey%2C%20BC
14268324,,,,49.266009,,-123.154418,,,https://www.airbnb.ca/rooms/14268324?location=Surrey%2C%20BC
7985028,,,,49.237867,,-122.883647,,,https://www.airbnb.ca/rooms/7985028?location=Surrey%2C%20BC
13349813,,,,49.193359,,-123.107612,,,https://www.airbnb.ca/rooms/13349813?location=Surrey%2C%20BC
9093233,,,,49.277241,,-123.088388,,,https://www.airbnb.ca/rooms/9093233?location=Surrey%2C%20BC
14424,,,,49.279492,,-123.088748,,,https://www.airbnb.ca/rooms/14424?location=Surrey%2C%20BC
21192654,,,,49.231538,,-123.043208,,,https://www.airbnb.ca/rooms/21192654?location=Surrey%2C%20BC
5891398,,,,49.341035,,-123.06433,,,https://www.airbnb.ca/rooms/5891398?location=Surrey%2C%20BC
14472566,,,,49.219603,,-122.926458,,,https://www.airbnb.ca/rooms/14472566?location=Surrey%2C%20BC
13126026,,,,49.230922,,-122.952438,,,https://www.airbnb.ca/rooms/13126026?location=Surrey%2C%20BC
8991755,,,,49.275342,,-123.126011,,,https://www.airbnb.ca/rooms/8991755?location=Surrey%2C%20BC
18374938,,,,49.212715,,-123.085179,,,https://www.airbnb.ca/rooms/18374938?location=Surrey%2C%20BC
7415854,,,,49.268896,,-123.067182,,,https://www.airbnb.ca/rooms/7415854?location=Surrey%2C%20BC
1403595,,,,49.139838,,-123.112834,,,https://www.airbnb.ca/rooms/1403595?location=Surrey%2C%20BC
11396241,,,,49.278281,,-123.100031,,,https://www.airbnb.ca/rooms/11396241?location=Surrey%2C%20BC
17765183,,,,49.272723,,-122.808728,,,https://www.airbnb.ca/rooms/17765183?location=Surrey%2C%20BC
10224269,,,,49.225242,,-122.915651,,,https://www.airbnb.ca/rooms/10224269?location=Surrey%2C%20BC
15905184,,,,49.325194,,-123.057714,,,https://www.airbnb.ca/rooms/15905184?location=Surrey%2C%20BC
16492434,,,,49.212153,,-122.951521,,,https://www.airbnb.ca/rooms/16492434?location=Surrey%2C%20BC
13239467,,,,49.220328,,-122.942913,,,https://www.airbnb.ca/rooms/13239467?location=Surrey%2C%20BC
7036502,,,,49.230745,,-122.962835,,,https://www.airbnb.ca/rooms/7036502?location=Surrey%2C%20BC
2454353,,,,49.237772,,-123.086964,,,https://www.airbnb.ca/rooms/2454353?location=Surrey%2C%20BC
6913056,,,,49.277871,,-123.130313,,,https://www.airbnb.ca/rooms/6913056?location=Surrey%2C%20BC
8211076,,,,49.264,,-123.034,,,https://www.airbnb.ca/rooms/8211076?location=Surrey%2C%20BC
3629071,,,,49.271701,,-123.0689,,,https://www.airbnb.ca/rooms/3629071?location=Surrey%2C%20BC
906091,,,,49.210419,,-122.817234,,,https://www.airbnb.ca/rooms/906091?location=Surrey%2C%20BC
14000102,,,,49.249247,,-122.985909,,,https://www.airbnb.ca/rooms/14000102?location=Surrey%2C%20BC
5814747,,,,49.245766,,-123.051033,,,https://www.airbnb.ca/rooms/5814747?location=Surrey%2C%20BC
6854869,,,,49.279563,,-123.059997,,,https://www.airbnb.ca/rooms/6854869?location=Surrey%2C%20BC
1714639,,,,49.227462,,-123.110467,,,https://www.airbnb.ca/rooms/1714639?location=Surrey%2C%20BC
5632844,,,,49.157911,,-123.153581,,,https://www.airbnb.ca/rooms/5632844?location=Surrey%2C%20BC
13126779,,,,49.232428,,-122.952593,,,https://www.airbnb.ca/rooms/13126779?location=Surrey%2C%20BC
16122503,,,,49.221817,,-122.893876,,,https://www.airbnb.ca/rooms/16122503?location=Surrey%2C%20BC
15455548,,,,49.318,,-123.006,,,https://www.airbnb.ca/rooms/15455548?location=Surrey%2C%20BC
6973711,,,,49.274548,,-123.062994,,,https://www.airbnb.ca/rooms/6973711?location=Surrey%2C%20BC
6622998,,,,49.222697,,-122.922104,,,https://www.airbnb.ca/rooms/6622998?location=Surrey%2C%20BC
1459432,,,,49.232312,,-123.133357,,,https://www.airbnb.ca/rooms/1459432?location=Surrey%2C%20BC
2070532,,,,49.332332,,-122.94622,,,https://www.airbnb.ca/rooms/2070532?location=Surrey%2C%20BC
2722439,,,,49.280282,,-123.126534,,,https://www.airbnb.ca/rooms/2722439?location=Surrey%2C%20BC
14219902,,,,49.249883,,-122.98368,,,https://www.airbnb.ca/rooms/14219902?location=Surrey%2C%20BC
13280970,,,,49.22953,,-122.948965,,,https://www.airbnb.ca/rooms/13280970?location=Surrey%2C%20BC
20460805,,,,49.234828,,-122.945897,,,https://www.airbnb.ca/rooms/20460805?location=Surrey%2C%20BC
15842661,,,,49.214,,-123.014,,,https://www.airbnb.ca/rooms/15842661?location=Surrey%2C%20BC
11965273,,,,49.277151,,-123.088208,,,https://www.airbnb.ca/rooms/11965273?location=Surrey%2C%20BC
14263258,,,,49.2449,,-122.890948,,,https://www.airbnb.ca/rooms/14263258?location=Surrey%2C%20BC
21913,,,,49.234271,,-123.053092,,,https://www.airbnb.ca/rooms/21913?location=Surrey%2C%20BC
11905244,,,,49.330431,,-122.945799,,,https://www.airbnb.ca/rooms/11905244?location=Surrey%2C%20BC
20266463,,,,49.233906,,-123.024547,,,https://www.airbnb.ca/rooms/20266463?location=Surrey%2C%20BC
19748081,,,,49.29613,,-122.790481,,,https://www.airbnb.ca/rooms/19748081?location=Surrey%2C%20BC
12138659,,,,49.284377,,-122.986868,,,https://www.airbnb.ca/rooms/12138659?location=Surrey%2C%20BC
7161813,,,,49.229116,,-122.964714,,,https://www.airbnb.ca/rooms/7161813?location=Surrey%2C%20BC
6554309,,,,49.330989,,-122.948886,,,https://www.airbnb.ca/rooms/6554309?location=Surrey%2C%20BC
9955072,,,,49.143546,,-123.109607,,,https://www.airbnb.ca/rooms/9955072?location=Surrey%2C%20BC
14828137,,,,49.251365,,-123.05028,,,https://www.airbnb.ca/rooms/14828137?location=Surrey%2C%20BC
15470129,,,,49.034304,,-123.055287,,,https://www.airbnb.ca/rooms/15470129?location=Surrey%2C%20BC
14429752,,,,49.068999,,-122.678008,,,https://www.airbnb.ca/rooms/14429752?location=Surrey%2C%20BC
18965198,,,,49.214623,,-122.96689,,,https://www.airbnb.ca/rooms/18965198?location=Surrey%2C%20BC
3748986,,,,49.094686,,-122.665347,,,https://www.airbnb.ca/rooms/3748986?location=Surrey%2C%20BC
15182829,,,,49.279601,,-123.129625,,,https://www.airbnb.ca/rooms/15182829?location=Surrey%2C%20BC
7457613,,,,49.159853,,-123.181524,,,https://www.airbnb.ca/rooms/7457613?location=Surrey%2C%20BC
7218753,,,,49.228793,,-122.889686,,,https://www.airbnb.ca/rooms/7218753?location=Surrey%2C%20BC
9199830,,,,49.2242,,-122.901057,,,https://www.airbnb.ca/rooms/9199830?location=Surrey%2C%20BC
1759915,,,,49.277318,,-123.108051,,,https://www.airbnb.ca/rooms/1759915?location=Surrey%2C%20BC
18893902,,,,49.231,,-122.949,,,https://www.airbnb.ca/rooms/18893902?location=Surrey%2C%20BC
16524,,,,49.281404,,-122.814554,,,https://www.airbnb.ca/rooms/16524?location=Surrey%2C%20BC
16810905,,,,49.327051,,-123.006822,,,https://www.airbnb.ca/rooms/16810905?location=Surrey%2C%20BC
10619890,,,,49.272122,,-123.064521,,,https://www.airbnb.ca/rooms/10619890?location=Surrey%2C%20BC
13140701,,,,49.261884,,-123.045037,,,https://www.airbnb.ca/rooms/13140701?location=Surrey%2C%20BC
16284250,,,,49.279059,,-123.124629,,,https://www.airbnb.ca/rooms/16284250?location=Surrey%2C%20BC
4474077,,,,49.192831,,-123.110396,,,https://www.airbnb.ca/rooms/4474077?location=Surrey%2C%20BC
9826771,,,,49.173088,,-123.147614,,,https://www.airbnb.ca/rooms/9826771?location=Surrey%2C%20BC
3978986,,,,49.342304,,-123.214518,,,https://www.airbnb.ca/rooms/3978986?location=Surrey%2C%20BC
14856847,,,,49.259883,,-123.060303,,,https://www.airbnb.ca/rooms/14856847?location=Surrey%2C%20BC
15045678,,,,49.214647,,-122.978683,,,https://www.airbnb.ca/rooms/15045678?location=Surrey%2C%20BC
12134998,,,,49.334465,,-123.069527,,,https://www.airbnb.ca/rooms/12134998?location=Surrey%2C%20BC
1937255,,,,49.277638,,-123.066416,,,https://www.airbnb.ca/rooms/1937255?location=Surrey%2C%20BC
2237987,,,,49.360382,,-122.901144,,,https://www.airbnb.ca/rooms/2237987?location=Surrey%2C%20BC
17449502,,,,49.213037,,-122.953805,,,https://www.airbnb.ca/rooms/17449502?location=Surrey%2C%20BC
16018308,,,,49.275712,,-123.126351,,,https://www.airbnb.ca/rooms/16018308?location=Surrey%2C%20BC
21577211,,,,49.280893,,-123.062373,,,https://www.airbnb.ca/rooms/21577211?location=Surrey%2C%20BC
13135254,,,,49.251243,,-122.979326,,,https://www.airbnb.ca/rooms/13135254?location=Surrey%2C%20BC
21137929,,,,49.231,,-122.949,,,https://www.airbnb.ca/rooms/21137929?location=Surrey%2C%20BC
21457709,,,,49.278,,-122.991,,,https://www.airbnb.ca/rooms/21457709?location=Surrey%2C%20BC
9453076,,,,49.163061,,-123.184376,,,https://www.airbnb.ca/rooms/9453076?location=Surrey%2C%20BC
1089953,,,,49.169885,,-123.036442,,,https://www.airbnb.ca/rooms/1089953?location=Surrey%2C%20BC
7038615,,,,49.2634,,-122.967196,,,https://www.airbnb.ca/rooms/7038615?location=Surrey%2C%20BC
16396887,,,,49.255907,,-122.98651,,,https://www.airbnb.ca/rooms/16396887?location=Surrey%2C%20BC
3859085,,,,49.258947,,-123.107238,,,https://www.airbnb.ca/rooms/3859085?location=Surrey%2C%20BC
5626441,,,,49.158816,,-123.151827,,,https://www.airbnb.ca/rooms/5626441?location=Surrey%2C%20BC
21186674,,,,49.275235,,-122.851997,,,https://www.airbnb.ca/rooms/21186674?location=Surrey%2C%20BC
994900,,,,49.278881,,-123.08514,,,https://www.airbnb.ca/rooms/994900?location=Surrey%2C%20BC
8996409,,,,49.229491,,-123.002461,,,https://www.airbnb.ca/rooms/8996409?location=Surrey%2C%20BC
4871974,,,,49.277539,,-123.089113,,,https://www.airbnb.ca/rooms/4871974?location=Surrey%2C%20BC
15874627,,,,49.221897,,-122.893835,,,https://www.airbnb.ca/rooms/15874627?location=Surrey%2C%20BC
16289491,,,,49.197766,,-123.110208,,,https://www.airbnb.ca/rooms/16289491?location=Surrey%2C%20BC
20464098,,,,49.004686,,-122.631878,,,https://www.airbnb.ca/rooms/20464098?location=Surrey%2C%20BC
4022323,,,,49.194134,,-123.10928,,,https://www.airbnb.ca/rooms/4022323?location=Surrey%2C%20BC
4395511,,,,49.236742,,-123.03243,,,https://www.airbnb.ca/rooms/4395511?location=Surrey%2C%20BC
14187955,,,,49.222735,,-122.89527,,,https://www.airbnb.ca/rooms/14187955?location=Surrey%2C%20BC
17449789,,,,49.214266,,-122.953534,,,https://www.airbnb.ca/rooms/17449789?location=Surrey%2C%20BC
18738216,,,,49.216502,,-122.972764,,,https://www.airbnb.ca/rooms/18738216?location=Surrey%2C%20BC
5917505,,,,49.171343,,-123.145267,,,https://www.airbnb.ca/rooms/5917505?location=Surrey%2C%20BC
15197174,,,,49.260985,,-123.107679,,,https://www.airbnb.ca/rooms/15197174?location=Surrey%2C%20BC
18486604,,,,49.250769,,-123.02931,,,https://www.airbnb.ca/rooms/18486604?location=Surrey%2C%20BC
18409005,,,,49.250228,,-122.98624,,,https://www.airbnb.ca/rooms/18409005?location=Surrey%2C%20BC
8907717,,,,49.261458,,-122.874012,,,https://www.airbnb.ca/rooms/8907717?location=Surrey%2C%20BC
14427655,,,,49.228216,,-123.085643,,,https://www.airbnb.ca/rooms/14427655?location=Surrey%2C%20BC
4160259,,,,49.315373,,-123.055544,,,https://www.airbnb.ca/rooms/4160259?location=Surrey%2C%20BC
16571377,,,,49.451485,,-123.233876,,,https://www.airbnb.ca/rooms/16571377?location=Surrey%2C%20BC
13078995,,,,49.253952,,-123.038483,,,https://www.airbnb.ca/rooms/13078995?location=Surrey%2C%20BC
20933211,,,,49.23396,,-123.096881,,,https://www.airbnb.ca/rooms/20933211?location=Surrey%2C%20BC
20902995,,,,49.240167,,-122.847597,,,https://www.airbnb.ca/rooms/20902995?location=Surrey%2C%20BC
3302912,,,,49.133566,,-123.183368,,,https://www.airbnb.ca/rooms/3302912?location=Surrey%2C%20BC
14556402,,,,49.221923,,-122.926977,,,https://www.airbnb.ca/rooms/14556402?location=Surrey%2C%20BC
13733154,,,,49.225106,,-122.944649,,,https://www.airbnb.ca/rooms/13733154?location=Surrey%2C%20BC
14570210,,,,49.25691,,-123.066713,,,https://www.airbnb.ca/rooms/14570210?location=Surrey%2C%20BC
7825197,,,,49.28371,,-123.044962,,,https://www.airbnb.ca/rooms/7825197?location=Surrey%2C%20BC
6660457,,,,49.287392,,-123.124679,,,https://www.airbnb.ca/rooms/6660457?location=Surrey%2C%20BC
3853536,,,,49.19253,,-123.11021,,,https://www.airbnb.ca/rooms/3853536?location=Surrey%2C%20BC
17781730,,,,49.23495,,-122.894569,,,https://www.airbnb.ca/rooms/17781730?location=Surrey%2C%20BC
9245019,,,,49.280408,,-123.125627,,,https://www.airbnb.ca/rooms/9245019?location=Surrey%2C%20BC
6010373,,,,49.279227,,-122.904667,,,https://www.airbnb.ca/rooms/6010373?location=Surrey%2C%20BC
19594960,,,,49.276891,,-123.117072,,,https://www.airbnb.ca/rooms/19594960?location=Surrey%2C%20BC
16165256,,,,49.280954,,-123.065418,,,https://www.airbnb.ca/rooms/16165256?location=Surrey%2C%20BC
7635931,,,,49.238346,,-122.772126,,,https://www.airbnb.ca/rooms/7635931?location=Surrey%2C%20BC
20834484,,,,49.24578,,-122.872791,,,https://www.airbnb.ca/rooms/20834484?location=Surrey%2C%20BC
12836818,,,,49.211945,,-123.014604,,,https://www.airbnb.ca/rooms/12836818?location=Surrey%2C%20BC
16125454,,,,49.234368,,-122.945656,,,https://www.airbnb.ca/rooms/16125454?location=Surrey%2C%20BC
22616408,,,,49.236453,,-123.000434,,,https://www.airbnb.ca/rooms/22616408?location=Surrey%2C%20BC
15565171,,,,49.274995,,-123.125418,,,https://www.airbnb.ca/rooms/15565171?location=Surrey%2C%20BC
20216645,,,,49.328854,,-122.950659,,,https://www.airbnb.ca/rooms/20216645?location=Surrey%2C%20BC
13885268,,,,49.244196,,-123.098847,,,https://www.airbnb.ca/rooms/13885268?location=Surrey%2C%20BC
19273990,,,,49.259292,,-123.103013,,,https://www.airbnb.ca/rooms/19273990?location=Surrey%2C%20BC
7534416,,,,49.141429,,-123.095307,,,https://www.airbnb.ca/rooms/7534416?location=Surrey%2C%20BC
15735712,,,,49.282568,,-123.109278,,,https://www.airbnb.ca/rooms/15735712?location=Surrey%2C%20BC
19057669,,,,49.224247,,-122.987066,,,https://www.airbnb.ca/rooms/19057669?location=Surrey%2C%20BC
415700,,,,49.234676,,-123.055085,,,https://www.airbnb.ca/rooms/415700?location=Surrey%2C%20BC
6215305,,,,49.342792,,-123.027573,,,https://www.airbnb.ca/rooms/6215305?location=Surrey%2C%20BC
13516418,,,,49.279674,,-123.137547,,,https://www.airbnb.ca/rooms/13516418?location=Surrey%2C%20BC
3302558,,,,49.134425,,-123.183117,,,https://www.airbnb.ca/rooms/3302558?location=Surrey%2C%20BC
20074263,,,,49.234087,,-123.024195,,,https://www.airbnb.ca/rooms/20074263?location=Surrey%2C%20BC
11927565,,,,49.232939,,-122.997205,,,https://www.airbnb.ca/rooms/11927565?location=Surrey%2C%20BC
13867346,,,,49.255795,,-123.106364,,,https://www.airbnb.ca/rooms/13867346?location=Surrey%2C%20BC
8129651,,,,49.304125,,-122.96591,,,https://www.airbnb.ca/rooms/8129651?location=Surrey%2C%20BC
1209195,,,,49.272443,,-123.064929,,,https://www.airbnb.ca/rooms/1209195?location=Surrey%2C%20BC
10972081,,,,49.272537,,-123.067435,,,https://www.airbnb.ca/rooms/10972081?location=Surrey%2C%20BC
21464235,,,,49.217993,,-123.012908,,,https://www.airbnb.ca/rooms/21464235?location=Surrey%2C%20BC
4235178,,,,49.262213,,-123.085826,,,https://www.airbnb.ca/rooms/4235178?location=Surrey%2C%20BC
20918193,,,,49.277471,,-123.022018,,,https://www.airbnb.ca/rooms/20918193?location=Surrey%2C%20BC
7072034,,,,49.137608,,-123.15586,,,https://www.airbnb.ca/rooms/7072034?location=Surrey%2C%20BC
15539049,,,,49.256746,,-123.075007,,,https://www.airbnb.ca/rooms/15539049?location=Surrey%2C%20BC
5642121,,,,49.269745,,-123.057384,,,https://www.airbnb.ca/rooms/5642121?location=Surrey%2C%20BC
17641929,,,,49.25701,,-122.985771,,,https://www.airbnb.ca/rooms/17641929?location=Surrey%2C%20BC
13226584,,,,49.221046,,-122.895726,,,https://www.airbnb.ca/rooms/13226584?location=Surrey%2C%20BC
5934872,,,,49.225353,,-122.994255,,,https://www.airbnb.ca/rooms/5934872?location=Surrey%2C%20BC
15060592,,,,49.254543,,-122.988281,,,https://www.airbnb.ca/rooms/15060592?location=Surrey%2C%20BC
16346510,,,,49.169153,,-123.175179,,,https://www.airbnb.ca/rooms/16346510?location=Surrey%2C%20BC
3361100,,,,49.319499,,-123.038674,,,https://www.airbnb.ca/rooms/3361100?location=Surrey%2C%20BC
8783727,,,,49.170516,,-123.13803,,,https://www.airbnb.ca/rooms/8783727?location=Surrey%2C%20BC
21678295,,,,49.184,,-122.949,,,https://www.airbnb.ca/rooms/21678295?location=Surrey%2C%20BC
13087148,,,,49.22905,,-123.004825,,,https://www.airbnb.ca/rooms/13087148?location=Surrey%2C%20BC
16742553,,,,49.225686,,-122.948232,,,https://www.airbnb.ca/rooms/16742553?location=Surrey%2C%20BC
16478629,,,,49.214168,,-122.953505,,,https://www.airbnb.ca/rooms/16478629?location=Surrey%2C%20BC
16911694,,,,49.241708,,-123.077018,,,https://www.airbnb.ca/rooms/16911694?location=Surrey%2C%20BC
8783727,,,,49.170516,,-123.13803,,,https://www.airbnb.ca/rooms/8783727?location=Surrey%2C%20BC
21678295,,,,49.184,,-122.949,,,https://www.airbnb.ca/rooms/21678295?location=Surrey%2C%20BC
13087148,,,,49.22905,,-123.004825,,,https://www.airbnb.ca/rooms/13087148?location=Surrey%2C%20BC
16742553,,,,49.225686,,-122.948232,,,https://www.airbnb.ca/rooms/16742553?location=Surrey%2C%20BC
16478629,,,,49.214168,,-122.953505,,,https://www.airbnb.ca/rooms/16478629?location=Surrey%2C%20BC
16911694,,,,49.241708,,-123.077018,,,https://www.airbnb.ca/rooms/16911694?location=Surrey%2C%20BC
77157,,,,49.246746,,-123.167109,,,https://www.airbnb.ca/rooms/77157?location=Surrey%2C%20BC
14327019,,,,49.284589,,-123.056838,,,https://www.airbnb.ca/rooms/14327019?location=Surrey%2C%20BC
22483328,,,,49.271075,,-122.858789,,,https://www.airbnb.ca/rooms/22483328?location=Surrey%2C%20BC
5948224,,,,49.216023,,-122.973078,,,https://www.airbnb.ca/rooms/5948224?location=Surrey%2C%20BC
13962385,,,,49.279884,,-123.063166,,,https://www.airbnb.ca/rooms/13962385?location=Surrey%2C%20BC
3540462,,,,49.330744,,-123.090548,,,https://www.airbnb.ca/rooms/3540462?location=Surrey%2C%20BC
20392369,,,,49.295127,,-122.803239,,,https://www.airbnb.ca/rooms/20392369?location=Surrey%2C%20BC
8017515,,,,49.249797,,-123.143464,,,https://www.airbnb.ca/rooms/8017515?location=Surrey%2C%20BC
8812630,,,,49.20777,,-122.904385,,,https://www.airbnb.ca/rooms/8812630?location=Surrey%2C%20BC
22442254,,,,49.156248,,-122.759713,,,https://www.airbnb.ca/rooms/22442254?location=Surrey%2C%20BC
13658544,,,,49.213976,,-122.914095,,,https://www.airbnb.ca/rooms/13658544?location=Surrey%2C%20BC
16369948,,,,49.215017,,-122.921081,,,https://www.airbnb.ca/rooms/16369948?location=Surrey%2C%20BC
17895314,,,,49.051688,,-122.799567,,,https://www.airbnb.ca/rooms/17895314?location=Surrey%2C%20BC
14031495,,,,49.216782,,-122.971701,,,https://www.airbnb.ca/rooms/14031495?location=Surrey%2C%20BC
14426377,,,,49.257004,,-122.81082,,,https://www.airbnb.ca/rooms/14426377?location=Surrey%2C%20BC
17257932,,,,49.213289,,-123.020507,,,https://www.airbnb.ca/rooms/17257932?location=Surrey%2C%20BC
6574926,,,,49.192729,,-123.11023,,,https://www.airbnb.ca/rooms/6574926?location=Surrey%2C%20BC
4016671,,,,49.266,,-123.069,,,https://www.airbnb.ca/rooms/4016671?location=Surrey%2C%20BC
16492292,,,,49.21276,,-122.952718,,,https://www.airbnb.ca/rooms/16492292?location=Surrey%2C%20BC
6166704,,,,49.291877,,-122.795116,,,https://www.airbnb.ca/rooms/6166704?location=Surrey%2C%20BC
908265,,,,49.267011,,-123.008511,,,https://www.airbnb.ca/rooms/908265?location=Surrey%2C%20BC
8719980,,,,49.208525,,-122.930877,,,https://www.airbnb.ca/rooms/8719980?location=Surrey%2C%20BC
25328998,,,,49.227761,,-122.98234,,,https://www.airbnb.ca/rooms/25328998?location=Surrey%2C%20BC
22179765,,,,49.271371,,-122.98973,,,https://www.airbnb.ca/rooms/22179765?location=Surrey%2C%20BC
16522048,,,,49.245816,,-123.09833,,,https://www.airbnb.ca/rooms/16522048?location=Surrey%2C%20BC